Date,Close
2013-06-16 23:58,0.0657986
2013-06-17 23:58,0.06561395
2013-06-18 23:58,0.06424425
2013-06-19 23:58,0.063554591
2013-06-20 23:58,0.06301746
2013-06-21 23:58,0.06337719
2013-06-22 23:58,0.06337719
2013-06-23 23:58,0.06337719
2013-06-24 23:58,0.063314232
2013-06-25 23:58,0.063377649
2013-06-26 23:58,0.063005228
2013-06-27 23:58,0.063917492
2013-06-28 23:58,0.063543212
2013-06-29 23:58,0.063543212
2013-06-30 23:58,0.063543212
2013-07-01 23:58,0.064104669
2013-07-02 23:58,0.06300567
2013-07-03 23:58,0.0627382
2013-07-04 23:58,0.062014212
2013-07-05 23:58,0.062021938
2013-07-06 23:58,0.062083164
2013-07-07 23:58,0.062083164
2013-07-08 23:58,0.062279046
2013-07-09 23:58,0.061990535
2013-07-10 23:58,0.063813122
2013-07-11 23:58,0.063150812
2013-07-12 23:58,0.062929425
2013-07-13 23:58,0.062929425
2013-07-14 23:58,0.062929425
2013-07-15 23:58,0.06342066
2013-07-16 23:58,0.0637
2013-07-17 23:58,0.063274349
2013-07-18 23:58,0.063581581
2013-07-19 23:58,0.063546323
2013-07-20 23:58,0.063546323
2013-07-22 23:58,0.063393506
2013-07-23 23:58,0.06341859
2013-07-24 23:58,0.06383292
2013-07-25 23:58,0.064615585
2013-07-26 23:58,0.063971765
2013-07-27 23:58,0.063971765
2013-07-28 23:58,0.063971765
2013-07-29 23:58,0.063367875
2013-07-30 23:58,0.062502557
2013-07-31 23:58,0.062351591
2013-08-01 23:58,0.062490305
2013-08-02 23:58,0.062112925
2013-08-03 23:58,0.062112925
2013-08-04 23:58,0.062112925
2013-08-05 23:58,0.062064205
2013-08-06 23:58,0.061178117
2013-08-07 23:58,0.06200838
2013-08-08 23:58,0.062091824
2013-08-09 23:58,0.061791309
2013-08-12 23:58,0.061611984
2013-08-13 23:58,0.061668062
2013-08-14 23:58,0.061523672
2013-08-15 23:58,0.061574225
2013-08-16 23:58,0.0606837
2013-08-17 23:58,0.06074475
2013-08-18 23:58,0.06074475
2013-08-19 23:58,0.059784162
2013-08-20 23:58,0.05961735
2013-08-21 23:58,0.058321836
2013-08-22 23:58,0.057749895
2013-08-23 23:58,0.05909337
2013-08-24 23:58,0.05909337
2013-08-25 23:58,0.05909337
2013-08-26 23:58,0.058423072
2013-08-27 23:58,0.057327746
2013-08-28 23:58,0.057376656
2013-08-29 23:58,0.05707207
2013-08-30 23:58,0.057123825
2013-08-31 23:58,0.057123825
2013-09-02 23:58,0.05681928
2013-09-03 23:58,0.05530093
2013-09-04 23:58,0.056579526
2013-09-05 23:58,0.056333278
2013-09-06 23:58,0.058355275
2013-09-07 23:58,0.058355275
2013-09-08 23:58,0.058355275
2013-09-09 23:58,0.05836005
2013-09-10 23:58,0.0591448
2013-09-11 23:58,0.060046555
2013-09-12 23:58,0.0589422
2013-09-13 23:58,0.0595608
2013-09-14 23:58,0.0595608
2013-09-15 23:58,0.0595608
2013-09-16 23:58,0.059942043
2013-09-17 23:58,0.05928155
2013-09-18 23:58,0.060561992
2013-09-19 23:58,0.061112
2013-09-20 23:58,0.06019532
2013-09-21 23:58,0.06019532
2013-09-22 23:58,0.06019532
2013-09-23 23:58,0.06007113
2013-09-24 23:58,0.060375692
2013-09-25 23:58,0.0605501
2013-09-26 23:58,0.060747316
2013-09-27 23:58,0.06048801
2013-09-29 23:58,0.06048801
2013-09-30 23:58,0.060442735
2013-10-01 23:58,0.060564965
2013-10-02 23:58,0.060687195
2013-10-03 23:58,0.061298345
2013-10-04 23:58,0.06135946
2013-10-05 23:58,0.06135946
2013-10-06 23:58,0.06135946
2013-10-07 23:58,0.06087054
2013-10-08 23:58,0.060927667
2013-10-09 23:58,0.061111
2013-10-10 23:58,0.061119058
2013-10-11 23:58,0.061655954
2013-10-12 23:58,0.061655954
2013-10-14 23:58,0.061222916
2013-10-15 23:58,0.060927
2013-10-16 23:58,0.060715306
2013-10-17 23:58,0.061551702
2013-10-18 23:58,0.060868
2013-10-19 23:58,0.060868
2013-10-20 23:58,0.060868
2013-10-21 23:58,0.060947652
2013-10-22 23:58,0.061496097
2013-10-23 23:58,0.060917205
2013-10-24 23:58,0.06108432
2013-10-25 23:58,0.06074
2013-10-26 23:58,0.06074
2013-10-27 23:58,0.06074
2013-10-28 23:58,0.060815755
2013-10-29 23:58,0.061166812
2013-10-30 23:58,0.061203028
2013-10-31 23:58,0.06072331
2013-11-01 23:58,0.06077321
2013-11-02 23:58,0.06077321
2013-11-04 23:58,0.06089
2013-11-05 23:58,0.060868
2013-11-06 23:58,0.06021873
2013-11-07 23:58,0.059471202
2013-11-08 23:58,0.059833104
2013-11-10 23:58,0.059833104
2013-11-11 23:58,0.059415278
2013-11-12 23:58,0.05917786
2013-11-13 23:58,0.059673249
2013-11-14 23:58,0.059666382
2013-11-15 23:58,0.059666382
2013-11-17 23:58,0.059666382
2013-11-18 23:58,0.06021279
2013-11-21 23:58,0.059734078
2013-11-23 23:58,0.059985282
2013-11-25 23:58,0.060156914
2013-11-26 23:58,0.060097076
2013-11-28 23:58,0.060276584
2013-11-29 23:58,0.060102016
2013-11-30 23:58,0.060041184
2013-12-01 23:58,0.060041184
2013-12-02 23:58,0.06028253
2013-12-03 23:58,0.06021576
2013-12-04 23:58,0.06051192
2013-12-05 23:58,0.060873813
2013-12-06 23:58,0.06102159
2013-12-07 23:58,0.061203744
2013-12-08 23:58,0.061203744
2013-12-09 23:58,0.061289853
2013-12-10 23:58,0.06127671
2013-12-11 23:58,0.061162553
2013-12-12 23:58,0.060433155
2013-12-13 23:58,0.060249322
2013-12-14 23:58,0.060309935
2013-12-15 23:58,0.060309935
2013-12-16 23:58,0.060675615
2013-12-17 23:58,0.060611
2013-12-18 23:58,0.060375528
2013-12-19 23:58,0.060249322
2013-12-20 23:58,0.060371544
2013-12-21 23:58,0.060492772
2013-12-22 23:58,0.060492772
2013-12-23 23:58,0.060420194
2013-12-24 23:58,0.060615
2013-12-26 23:58,0.060615
2013-12-27 23:58,0.060647587
2013-12-28 23:58,0.060162891
2013-12-29 23:58,0.060162891
2013-12-30 23:58,0.060518
2013-12-31 23:58,0.06044
2014-01-01 23:58,0.06025868
2014-01-02 23:58,0.059863337
2014-01-03 23:58,0.059992095
2014-01-04 23:58,0.059750435
2014-01-05 23:58,0.059750435
2014-01-06 23:58,0.05982273
2014-01-07 23:58,0.05980788
2014-01-08 23:58,0.060171348
2014-01-09 23:58,0.0602082
2014-01-10 23:58,0.060301156
2014-01-11 23:58,0.060663688
2014-01-12 23:58,0.060663688
2014-01-13 23:58,0.060513999
2014-01-14 23:58,0.060673872
2014-01-15 23:58,0.06060144
2014-01-16 23:58,0.060699832
2014-01-17 23:58,0.060644612
2014-01-18 23:58,0.060403
2014-01-19 23:58,0.060403
2014-01-20 23:58,0.060609284
2014-01-21 23:58,0.060285188
2014-01-22 23:58,0.060413
2014-01-23 23:58,0.060297164
2014-01-24 23:58,0.059483165
2014-01-25 23:58,0.059301998
2014-01-26 23:58,0.059301998
2014-01-27 23:58,0.059052618
2014-01-28 23:58,0.059563274
2014-01-29 23:58,0.059730528
2014-01-30 23:58,0.05978388
2014-01-31 23:58,0.0592998
2014-02-01 23:58,0.05936031
2014-02-02 23:58,0.05936031
2014-02-03 23:58,0.05966286
2014-02-04 23:58,0.05978388
2014-02-05 23:58,0.05978388
2014-02-06 23:58,0.0599049
2014-02-07 23:58,0.059989194
2014-02-08 23:58,0.060291864
2014-02-09 23:58,0.060291864
2014-02-10 23:58,0.059828566
2014-02-11 23:58,0.059961446
2014-02-12 23:58,0.06022138
2014-02-13 23:58,0.060051712
2014-02-14 23:58,0.060387293
2014-02-15 23:58,0.060326724
2014-02-16 23:58,0.060326724
2014-02-17 23:58,0.060419918
2014-02-18 23:58,0.060149982
2014-02-19 23:58,0.06017968
2014-02-20 23:58,0.060309855
2014-02-21 23:58,0.060510925
2014-02-22 23:58,0.060632555
2014-02-23 23:58,0.060632555
2014-02-24 23:58,0.06039792
2014-02-25 23:58,0.061023708
2014-02-26 23:58,0.060964556
2014-02-27 23:58,0.061000448
2014-02-28 23:58,0.061351
2014-03-01 23:58,0.061351
2014-03-02 23:58,0.061351
2014-03-03 23:58,0.061056185
2014-03-04 23:58,0.061336
2014-03-05 23:58,0.06140256
2014-03-06 23:58,0.061757946
2014-03-07 23:58,0.061833771
2014-03-08 23:58,0.06177261
2014-03-09 23:58,0.06177261
2014-03-10 23:58,0.06220529
2014-03-11 23:58,0.062098926
2014-03-12 23:58,0.06196451
2014-03-13 23:58,0.06187462
2014-03-14 23:58,0.062078433
2014-03-15 23:58,0.062201239
2014-03-16 23:58,0.062201239
2014-03-17 23:58,0.062360502
2014-03-18 23:58,0.06243921
2014-03-19 23:58,0.06274522
2014-03-20 23:58,0.062611232
2014-03-21 23:58,0.063021114
2014-03-22 23:58,0.063021114
2014-03-23 23:58,0.063021114
2014-03-24 23:58,0.062848744
2014-03-25 23:58,0.063341091
2014-03-26 23:58,0.063667838
2014-03-27 23:58,0.063579725
2014-03-28 23:58,0.064068726
2014-03-29 23:58,0.06419277
2014-03-31 23:58,0.063872088
2014-04-01 23:58,0.063766101
2014-04-02 23:58,0.063939624
2014-04-03 23:58,0.063557175
2014-04-04 23:58,0.063573575
2014-04-05 23:58,0.063635598
2014-04-06 23:58,0.063635598
2014-04-07 23:58,0.063697621
2014-04-08 23:58,0.063663201
2014-04-09 23:58,0.063639368
2014-04-10 23:58,0.063638676
2014-04-11 23:58,0.06356435
2014-04-12 23:58,0.06356435
2014-04-13 23:58,0.06356435
2014-04-14 23:58,0.063705366
2014-04-15 23:58,0.063673
2014-04-16 23:58,0.063542622
2014-04-17 23:58,0.063457002
2014-04-18 23:58,0.063270729
2014-04-19 23:58,0.063270729
2014-04-20 23:58,0.063270729
2014-04-21 23:58,0.06333282
2014-04-22 23:58,0.063147864
2014-04-23 23:58,0.062962047
2014-04-24 23:58,0.063137668
2014-04-25 23:58,0.063560866
2014-04-28 23:58,0.0636786
2014-04-29 23:58,0.063793101
2014-04-30 23:58,0.063931362
2014-05-01 23:58,0.064181338
2014-05-02 23:58,0.06405635
2014-05-05 23:58,0.064039612
2014-05-06 23:58,0.063898424
2014-05-07 23:58,0.063986832
2014-05-08 23:58,0.063984249
2014-05-09 23:58,0.063980133
2014-05-12 23:58,0.064206556
2014-05-13 23:58,0.064243303
2014-05-14 23:58,0.06455322
2014-05-15 23:58,0.064881901
2014-05-16 23:58,0.065035575
2014-05-17 23:58,0.065035575
2014-05-19 23:58,0.0657624
2014-05-20 23:58,0.06539505
2014-05-21 23:58,0.065287662
2014-05-22 23:58,0.065674805
2014-05-23 23:58,0.065815162
2014-05-26 23:58,0.065347455
2014-05-27 23:58,0.065260986
2014-05-28 23:58,0.06500004
2014-05-29 23:58,0.06520716
2014-05-30 23:58,0.065123676
2014-06-02 23:58,0.065186055
2014-06-03 23:58,0.065006286
2014-06-04 23:58,0.06490016
2014-06-05 23:58,0.065029188
2014-06-06 23:58,0.065088415
2014-06-08 23:58,0.065088415
2014-06-09 23:58,0.064982029
2014-06-10 23:58,0.064692945
2014-06-11 23:58,0.064730421
2014-06-12 23:58,0.064630485
2014-06-13 23:58,0.064040835
2014-06-16 23:58,0.0640351
2014-06-17 23:58,0.063846536
2014-06-18 23:58,0.063644922
2014-06-19 23:58,0.063871184
2014-06-20 23:58,0.06376077
2014-06-23 23:58,0.06377103
2014-06-24 23:58,0.063890697
2014-06-25 23:58,0.063862344
2014-06-26 23:58,0.06375564
2014-06-27 23:58,0.063761295
2014-06-30 23:58,0.063548388
2014-07-01 23:58,0.0635713
2014-07-02 23:58,0.064114204
2014-07-03 23:58,0.06400464
2014-07-04 23:58,0.063923112
2014-07-07 23:58,0.063672264
2014-07-08 23:58,0.063834365
2014-07-09 23:58,0.063879768
2014-07-10 23:58,0.063723912
2014-07-11 23:58,0.063701729
2014-07-14 23:58,0.063633947
2014-07-15 23:58,0.06365346
2014-07-16 23:58,0.06361238
2014-07-17 23:58,0.063672264
2014-07-18 23:58,0.06340554
2014-07-20 23:58,0.06340554
2014-07-21 23:58,0.063418839
2014-07-22 23:58,0.06341632
2014-07-23 23:58,0.063558976
2014-07-24 23:58,0.063516869
2014-07-25 23:58,0.063424242
2014-07-28 23:58,0.06338115
2014-07-29 23:58,0.06343274
2014-07-30 23:58,0.063278605
2014-07-31 23:58,0.06281116
2014-08-01 23:58,0.062376678
2014-08-04 23:58,0.06242522
2014-08-06 23:58,0.06177612
2014-08-07 23:58,0.061951647
2014-08-08 23:58,0.061892234
2014-08-11 23:58,0.061987915
2014-08-12 23:58,0.0617874
2014-08-13 23:58,0.061866052
2014-08-14 23:58,0.062346375
2014-08-15 23:58,0.062354968
2014-08-18 23:58,0.06224995
2014-08-19 23:58,0.062294008
2014-08-20 23:58,0.0619743
2014-08-21 23:58,0.062459055
2014-08-22 23:58,0.062459055
2014-08-25 23:58,0.062549992
2014-08-26 23:58,0.06265452
2014-08-27 23:58,0.062620993
2014-08-28 23:58,0.062370576
2014-08-29 23:58,0.06225401
2014-08-31 23:58,0.06225401
2014-09-01 23:58,0.0622398
2014-09-02 23:58,0.062487894
2014-09-03 23:58,0.062475909
2014-09-04 23:58,0.06159243
2014-09-05 23:58,0.0625311
2014-09-08 23:58,0.062715015
2014-09-09 23:58,0.062674095
2014-09-10 23:58,0.06180594
2014-09-11 23:58,0.061812
2014-09-12 23:58,0.062288199
2014-09-13 23:58,0.062349446
2014-09-15 23:58,0.06236244
2014-09-16 23:58,0.062158693
2014-09-17 23:58,0.06147387
2014-09-18 23:58,0.06191805
2014-09-19 23:58,0.061862799
2014-09-20 23:58,0.061862799
2014-09-22 23:58,0.06216327
2014-09-23 23:58,0.061768224
2014-09-24 23:58,0.061449798
2014-09-25 23:58,0.0615663
2014-09-26 23:58,0.061354513
2014-09-27 23:58,0.061354513
2014-09-28 23:58,0.061354513
2014-09-29 23:58,0.0615842
2014-09-30 23:58,0.061346285
2014-10-01 23:58,0.06140757
2014-10-02 23:58,0.06140757
2014-10-03 23:58,0.06079968
2014-10-04 23:58,0.06079968
2014-10-06 23:58,0.0619029
2014-10-07 23:58,0.06184161
2014-10-08 23:58,0.06184161
2014-10-09 23:58,0.061630414
2014-10-10 23:58,0.061211
2014-10-11 23:58,0.061211
2014-10-12 23:58,0.061211
2014-10-13 23:58,0.06188886
2014-10-14 23:58,0.06152193
2014-10-15 23:58,0.062321021
2014-10-16 23:58,0.062172261
2014-10-17 23:58,0.06138456
2014-10-20 23:58,0.061502816
2014-10-21 23:58,0.06123222
2014-10-22 23:58,0.061144083
2014-10-23 23:58,0.06146157
2014-10-24 23:58,0.061620639
2014-10-25 23:58,0.061620639
2014-10-27 23:58,0.06155352
2014-10-28 23:58,0.061704363
2014-10-29 23:58,0.061012
2014-10-30 23:58,0.06067873
2014-10-31 23:58,0.061027
2014-11-01 23:58,0.061143
2014-11-02 23:58,0.061817
2014-11-03 23:58,0.060960834
2014-11-04 23:58,0.061541424
2014-11-05 23:58,0.06122312
2014-11-06 23:58,0.06053184
2014-11-07 23:58,0.06143364
2014-11-10 23:58,0.06121719
2014-11-11 23:58,0.061573015
2014-11-12 23:58,0.061162
2014-11-13 23:58,0.061270296
2014-11-14 23:58,0.061500975
2014-11-15 23:58,0.061500975
2014-11-16 23:58,0.061500975
2014-11-17 23:58,0.060837285
2014-11-18 23:58,0.061113
2014-11-19 23:58,0.060789525
2014-11-20 23:58,0.06089046
2014-11-21 23:58,0.061149
2014-11-24 23:58,0.061194366
2014-11-25 23:58,0.061265
2014-11-26 23:58,0.061352291
2014-11-27 23:58,0.061045836
2014-11-28 23:58,0.060780012
2014-12-01 23:58,0.06105148
2014-12-02 23:58,0.06090384
2014-12-03 23:58,0.061156392
2014-12-04 23:58,0.061200216
2014-12-05 23:58,0.061217794
2014-12-08 23:58,0.06144511
2014-12-09 23:58,0.062025112
2014-12-10 23:58,0.061481002
2014-12-11 23:58,0.061044568
2014-12-12 23:58,0.061027772
2014-12-15 23:58,0.0605689
2014-12-16 23:58,0.06105346
2014-12-17 23:58,0.05970455
2014-12-18 23:58,0.05943911
2014-12-19 23:58,0.060484426
2014-12-22 23:58,0.060625216
2014-12-23 23:58,0.060542866
2014-12-24 23:58,0.060253463
2014-12-29 23:58,0.060199125
2014-12-30 23:58,0.0597528
2014-12-31 23:58,0.060597858
2015-01-01 23:58,0.060288053
2015-01-02 23:58,0.060288053
2015-01-05 23:58,0.059662724
2015-01-06 23:58,0.06022142
2015-01-07 23:58,0.05993064
2015-01-08 23:58,0.06029802
2015-01-09 23:58,0.061320967
2015-01-12 23:58,0.061128858
2015-01-13 23:58,0.061319116
2015-01-14 23:58,0.06115976
2015-01-15 23:58,0.06091015
2015-01-16 23:58,0.06097848
2015-01-19 23:58,0.06208
2015-01-20 23:58,0.061924902
2015-01-21 23:58,0.062017
2015-01-22 23:58,0.06192801
2015-01-23 23:58,0.062489895
2015-01-26 23:58,0.062520458
2015-01-27 23:58,0.062662755
2015-01-28 23:58,0.06261446
2015-01-29 23:58,0.062303634
2015-01-30 23:58,0.0617859
2015-02-02 23:58,0.06224502
2015-02-03 23:58,0.062394543
2015-02-04 23:58,0.062002738
2015-02-05 23:58,0.062233737
2015-02-06 23:58,0.062209332
2015-02-09 23:58,0.061576956
2015-02-10 23:58,0.061570184
2015-02-11 23:58,0.061886739
2015-02-12 23:58,0.06197093
2015-02-13 23:58,0.061929182
2015-02-16 23:58,0.06176214
2015-02-17 23:58,0.06181659
2015-02-18 23:58,0.061504385
2015-02-19 23:58,0.06181659
2015-02-20 23:58,0.061566826
2015-02-23 23:58,0.061764039
2015-02-24 23:58,0.061764039
2015-02-25 23:58,0.061932545
2015-02-26 23:58,0.06224502
2015-02-27 23:58,0.062335656
2015-03-02 23:58,0.062261178
2015-03-03 23:58,0.062261178
2015-03-04 23:58,0.061917334
2015-03-05 23:58,0.061447668
2015-03-06 23:58,0.06128724
2015-03-09 23:58,0.06148665
2015-03-10 23:58,0.06076944
2015-03-11 23:58,0.0612696
2015-03-12 23:58,0.06151968
2015-03-13 23:58,0.061112286
2015-03-16 23:58,0.060830014
2015-03-17 23:58,0.061708655
2015-03-18 23:58,0.061005447
2015-03-19 23:58,0.06117954
2015-03-20 23:58,0.06121648
2015-03-23 23:58,0.06136745
2015-03-24 23:58,0.061705188
2015-03-26 23:58,0.061269832
2015-03-27 23:58,0.06019044
2015-03-30 23:58,0.06109749
2015-03-31 23:58,0.060328125
2015-04-01 23:58,0.061066677
2015-04-02 23:58,0.06174626
2015-04-03 23:58,0.06168439
2015-04-06 23:58,0.06230309
2015-04-07 23:58,0.061448826
2015-04-08 23:58,0.061171032
2015-04-09 23:58,0.061265583
2015-04-10 23:58,0.061247108
2015-04-13 23:58,0.060930154
2015-04-14 23:58,0.061152706
2015-04-15 23:58,0.061193756
2015-04-16 23:58,0.061992738
2015-04-17 23:58,0.061680402
2015-04-19 23:58,0.061618536
2015-04-20 23:58,0.060618701
2015-04-21 23:58,0.060309106
2015-04-22 23:58,0.060991002
2015-04-23 23:58,0.060463599
2015-04-24 23:58,0.060672888
2015-04-26 23:58,0.06092028
2015-04-27 23:58,0.0602273
2015-04-28 23:58,0.060415875
2015-04-29 23:58,0.06066396
2015-04-30 23:58,0.0612909
2015-05-01 23:58,0.06141472
2015-05-04 23:58,0.059938528
2015-05-05 23:58,0.059845632
2015-05-06 23:58,0.0606522
2015-05-07 23:58,0.06061644
2015-05-08 23:58,0.05875704
2015-05-11 23:58,0.059760288
2015-05-12 23:58,0.060191319
2015-05-13 23:58,0.059282322
2015-05-14 23:58,0.060615764
2015-05-15 23:58,0.06010217
2015-05-18 23:58,0.059898881
2015-05-19 23:58,0.059922089
2015-05-20 23:58,0.059335646
2015-05-21 23:58,0.060073828
2015-05-22 23:58,0.059955906
2015-05-25 23:58,0.05888592
2015-05-26 23:58,0.059647257
2015-05-27 23:58,0.05943648
2015-05-28 23:58,0.05974508
2015-05-29 23:58,0.059655212
2015-06-01 23:58,0.05979057
2015-06-02 23:58,0.060396832
2015-06-03 23:58,0.059650392
2015-06-04 23:58,0.060920424
2015-06-05 23:58,0.05976631
2015-06-08 23:58,0.059539716
2015-06-09 23:58,0.059726548
2015-06-10 23:58,0.059851428
2015-06-11 23:58,0.059673258
2015-06-12 23:58,0.059255748
2015-06-15 23:58,0.05969637
2015-06-16 23:58,0.05981649
2015-06-17 23:58,0.059454164
2015-06-18 23:58,0.060367546
2015-06-19 23:58,0.05963919
2015-06-22 23:58,0.060197145
2015-06-23 23:58,0.059427312
2015-06-24 23:58,0.059987928
2015-06-25 23:58,0.060072186
2015-06-26 23:58,0.06006831
2015-06-29 23:58,0.059694444
2015-06-30 23:58,0.05986697
2015-07-01 23:58,0.05993372
2015-07-02 23:58,0.059840802
2015-07-03 23:58,0.060036333
2015-07-06 23:58,0.06013224
2015-07-07 23:58,0.060078
2015-07-08 23:58,0.06031627
2015-07-09 23:58,0.060190348
2015-07-10 23:58,0.060319189
2015-07-13 23:58,0.060186464
2015-07-14 23:58,0.060191319
2015-07-15 23:58,0.06013224
2015-07-16 23:58,0.060073155
2015-07-17 23:58,0.06013515
2015-07-19 23:58,0.059825175
2015-07-20 23:58,0.059890068
2015-07-21 23:58,0.06013612
2015-07-22 23:58,0.060382156
2015-07-23 23:58,0.06038313
2015-07-24 23:58,0.059640152
2015-07-27 23:58,0.0595152
2015-07-28 23:58,0.059700222
2015-07-29 23:58,0.05975836
2015-07-30 23:58,0.059641114
2015-07-31 23:58,0.059456082
2015-08-03 23:58,0.059579117
2015-08-04 23:58,0.059888136
2015-08-05 23:58,0.060075093
2015-08-06 23:58,0.060075093
2015-08-07 23:58,0.059827105
2015-08-10 23:58,0.059827105
2015-08-11 23:58,0.061507126
2015-08-12 23:58,0.06064527
2015-08-13 23:58,0.060438994
2015-08-14 23:58,0.060180374
2015-08-17 23:58,0.060207721
2015-08-18 23:58,0.060071558
2015-08-19 23:58,0.060537384
2015-08-20 23:58,0.06104703
2015-08-21 23:58,0.059642715
2015-08-24 23:58,0.0591482
2015-08-25 23:58,0.059290854
2015-08-26 23:58,0.05965732
2015-08-27 23:58,0.058900713
2015-08-28 23:58,0.05944762
2015-08-31 23:58,0.059016528
2015-09-01 23:58,0.05909685
2015-09-02 23:58,0.05901687
2015-09-03 23:58,0.058509198
2015-09-04 23:58,0.058826493
2015-09-07 23:58,0.058982752
2015-09-08 23:58,0.058867672
2015-09-09 23:58,0.058965828
2015-09-10 23:58,0.059278632
2015-09-11 23:58,0.05887625
2015-09-14 23:58,0.05912847
2015-09-15 23:58,0.0590208
2015-09-16 23:58,0.058965543
2015-09-17 23:58,0.05917436
2015-09-18 23:58,0.059539791
2015-09-21 23:58,0.058821675
2015-09-22 23:58,0.05907648
2015-09-23 23:58,0.059466621
2015-09-24 23:58,0.05927169
2015-09-25 23:58,0.059313412
2015-09-28 23:58,0.059327604
2015-09-29 23:58,0.059342624
2015-09-30 23:58,0.059599269
2015-10-01 23:58,0.059209113
2015-10-02 23:58,0.059716801
2015-10-05 23:58,0.060161028
2015-10-06 23:58,0.060034106
2015-10-07 23:58,0.060034106
2015-10-08 23:58,0.060326685
2015-10-09 23:58,0.060375409
2015-10-11 23:58,0.060375409
2015-10-12 23:58,0.06016289
2015-10-13 23:58,0.059840235
2015-10-14 23:58,0.060081396
2015-10-15 23:58,0.0601939
2015-10-16 23:58,0.059874144
2015-10-19 23:58,0.060389451
2015-10-20 23:58,0.060595104
2015-10-21 23:58,0.059906385
2015-10-22 23:58,0.05852856
2015-10-23 23:58,0.058826848
2015-10-26 23:58,0.059816376
2015-10-27 23:58,0.060387264
2015-10-28 23:58,0.060191364
2015-10-29 23:58,0.059785914
2015-10-30 23:58,0.059485383
2015-11-02 23:58,0.059351012
2015-11-03 23:58,0.059149035
2015-11-04 23:58,0.059147165
2015-11-05 23:58,0.05924347
2015-11-06 23:58,0.059434847
2015-11-09 23:58,0.05875785
2015-11-10 23:58,0.059008222
2015-11-11 23:58,0.059315475
2015-11-12 23:58,0.059841013
2015-11-13 23:58,0.059756082
2015-11-16 23:58,0.058968324
2015-11-17 23:58,0.05890955
2015-11-18 23:58,0.059477817
2015-11-19 23:58,0.05933263
2015-11-20 23:58,0.05896875
2015-11-23 23:58,0.059072318
2015-11-24 23:58,0.059204544
2015-11-25 23:58,0.059071392
2015-11-26 23:58,0.05933028
2015-11-27 23:58,0.05893355
2015-11-30 23:58,0.058899204
2015-12-01 23:58,0.059288064
2015-12-02 23:58,0.059160288
2015-12-03 23:58,0.06093675
2015-12-04 23:58,0.060907183
2015-12-07 23:58,0.058799458
2015-12-08 23:58,0.0592666
2015-12-09 23:58,0.06007248
2015-12-10 23:58,0.059392872
2015-12-11 23:58,0.059747931
2015-12-14 23:58,0.05952427
2015-12-15 23:58,0.05889763
2015-12-16 23:58,0.059591626
2015-12-17 23:58,0.059299092
2015-12-18 23:58,0.06018495
2015-12-21 23:58,0.06050198
2015-12-22 23:58,0.060612656
2015-12-23 23:58,0.059891828
2015-12-24 23:58,0.060404582
2015-12-25 23:58,0.060533928
2015-12-28 23:58,0.06025191
2015-12-29 23:58,0.059956648
2015-12-30 23:58,0.060145536
2015-12-31 23:58,0.060168736
2016-01-01 23:58,0.060168736
2016-01-04 23:58,0.060425204
2016-01-05 23:58,0.059328875
2016-01-06 23:58,0.060687909
2016-01-07 23:58,0.060891825
2016-01-08 23:58,0.061188585
2016-01-11 23:58,0.060281805
2016-01-12 23:58,0.06050625
2016-01-13 23:58,0.060795604
2016-01-14 23:58,0.060077226
2016-01-15 23:58,0.059897339
2016-01-18 23:58,0.05977699
2016-01-19 23:58,0.06010269
2016-01-20 23:58,0.05944402
2016-01-21 23:58,0.0593271
2016-01-22 23:58,0.059647428
2016-01-23 23:58,0.059647428
2016-01-25 23:58,0.059912928
2016-01-26 23:58,0.059875475
2016-01-27 23:58,0.059635624
2016-01-28 23:58,0.05941506
2016-01-29 23:58,0.059160561
2016-02-01 23:58,0.05977244
2016-02-02 23:58,0.059661912
2016-02-03 23:58,0.060401646
2016-02-04 23:58,0.059897424
2016-02-05 23:58,0.059951232
2016-02-08 23:58,0.059534573
2016-02-09 23:58,0.059994046
2016-02-10 23:58,0.05969646
2016-02-11 23:58,0.059116442
2016-02-12 23:58,0.059206378
2016-02-14 23:58,0.059213549
2016-02-15 23:58,0.058764972
2016-02-16 23:58,0.058724477
2016-02-17 23:58,0.058587316
2016-02-18 23:58,0.058708259
2016-02-19 23:58,0.058741848
2016-02-20 23:58,0.058741848
2016-02-22 23:58,0.058571152
2016-02-23 23:58,0.058666942
2016-02-24 23:58,0.058890951
2016-02-25 23:58,0.058519575
2016-02-26 23:58,0.05823537
2016-02-29 23:58,0.05896144
2016-03-01 23:58,0.059427547
2016-03-02 23:58,0.05974512
2016-03-03 23:58,0.060169851
2016-03-04 23:58,0.059889867
2016-03-07 23:58,0.059732424
2016-03-08 23:58,0.05950977
2016-03-09 23:58,0.05963251
2016-03-10 23:58,0.05987912
2016-03-11 23:58,0.059894042
2016-03-14 23:58,0.0595782
2016-03-15 23:58,0.059569245
2016-03-16 23:58,0.06039372
2016-03-17 23:58,0.05976425
2016-03-18 23:58,0.059899032
2016-03-19 23:58,0.059899032
2016-03-21 23:58,0.059954796
2016-03-22 23:58,0.05997684
2016-03-23 23:58,0.06012468
2016-03-24 23:58,0.060075676
2016-03-25 23:58,0.060118088
2016-03-28 23:58,0.059944752
2016-03-29 23:58,0.060365472
2016-03-30 23:58,0.06003243
2016-03-31 23:58,0.05994709
2016-04-01 23:58,0.06015798
2016-04-04 23:58,0.060222666
2016-04-05 23:58,0.059951871
2016-04-06 23:58,0.060049952
2016-04-07 23:58,0.05975478
2016-04-08 23:58,0.05971615
2016-04-11 23:58,0.05985136
2016-04-12 23:58,0.059843412
2016-04-13 23:58,0.059897384
2016-04-14 23:58,0.05987155
2016-04-15 23:58,0.060051987
2016-04-18 23:58,0.059867752
2016-04-19 23:58,0.059838368
2016-04-20 23:58,0.060150048
2016-04-21 23:58,0.059994513
2016-04-22 23:58,0.06017157
2016-04-25 23:58,0.05996775
2016-04-26 23:58,0.060164154
2016-04-27 23:58,0.06033855
2016-04-28 23:58,0.059874234
2016-04-29 23:58,0.060051489
2016-04-30 23:58,0.060374694
2016-05-02 23:58,0.059986848
2016-05-03 23:58,0.059697378
2016-05-04 23:58,0.060049248
2016-05-05 23:58,0.060064875
2016-05-06 23:58,0.060099252
2016-05-09 23:58,0.060253894
2016-05-10 23:58,0.060266858
2016-05-11 23:58,0.06002332
2016-05-12 23:58,0.060252968
2016-05-13 23:58,0.06026328
2016-05-16 23:58,0.060115322
2016-05-17 23:58,0.060166678
2016-05-18 23:58,0.060130248
2016-05-19 23:58,0.05981355
2016-05-20 23:58,0.059834096
2016-05-23 23:58,0.059827698
2016-05-24 23:58,0.059644992
2016-05-25 23:58,0.059970015
2016-05-26 23:58,0.06010146
2016-05-27 23:58,0.060224827
2016-05-30 23:58,0.060277161
2016-05-31 23:58,0.060207764
2016-06-01 23:58,0.060005014
2016-06-02 23:58,0.05995944
2016-06-03 23:58,0.060041968
2016-06-06 23:58,0.06029496
2016-06-07 23:58,0.060562645
2016-06-08 23:58,0.060610625
2016-06-09 23:58,0.06047496
2016-06-10 23:58,0.06047496
2016-06-13 23:58,0.060430683
2016-06-14 23:58,0.060398205
2016-06-15 23:58,0.060526278
2016-06-16 23:58,0.0602253
2016-06-17 23:58,0.06052128
2016-06-19 23:58,0.0608502
2016-06-20 23:58,0.060138458
2016-06-21 23:58,0.059683321
2016-06-22 23:58,0.06028965
2016-06-23 23:58,0.06021066
2016-06-24 23:58,0.060365734
2016-06-27 23:58,0.060359036
2016-06-28 23:58,0.060074805
2016-06-29 23:58,0.060502684
2016-06-30 23:58,0.06043765
2016-07-01 23:58,0.060972624
2016-07-02 23:58,0.060874612
2016-07-04 23:58,0.061225092
2016-07-05 23:58,0.060494179
2016-07-06 23:58,0.061370225
2016-07-07 23:58,0.061001182
2016-07-08 23:58,0.061129234
2016-07-09 23:58,0.061037834
2016-07-11 23:58,0.061425041
2016-07-12 23:58,0.06110919
2016-07-13 23:58,0.06142196
2016-07-14 23:58,0.061530592
2016-07-15 23:58,0.06077708
2016-07-16 23:58,0.06077708
2016-07-18 23:58,0.061612517
2016-07-19 23:58,0.061203268
2016-07-20 23:58,0.061240011
2016-07-21 23:58,0.061270074
2016-07-22 23:58,0.061218075
2016-07-25 23:58,0.061183304
2016-07-26 23:58,0.061027755
2016-07-27 23:58,0.061562254
2016-07-28 23:58,0.061100244
2016-07-29 23:58,0.061173025
2016-07-30 23:58,0.06130345
2016-08-01 23:58,0.061301045
2016-08-02 23:58,0.061373428
2016-08-03 23:58,0.06073538
2016-08-04 23:58,0.0610742
2016-08-05 23:58,0.06128109
2016-08-08 23:58,0.061407966
2016-08-09 23:58,0.061471872
2016-08-10 23:58,0.06140705
2016-08-11 23:58,0.061018092
2016-08-12 23:58,0.061347195
2016-08-15 23:58,0.061240127
2016-08-16 23:58,0.061150596
2016-08-17 23:58,0.06108993
2016-08-18 23:58,0.06109488
2016-08-19 23:58,0.06090124
2016-08-22 23:58,0.06116344
2016-08-23 23:58,0.0608888
2016-08-24 23:58,0.061064864
2016-08-25 23:58,0.061187939
2016-08-26 23:58,0.060756528
2016-08-27 23:58,0.060756528
2016-08-28 23:58,0.06084569
2016-08-29 23:58,0.061287516
2016-08-30 23:58,0.061326072
2016-08-31 23:58,0.061567472
2016-09-01 23:58,0.061605852
2016-09-02 23:58,0.0613686
2016-09-05 23:58,0.061812352
2016-09-06 23:58,0.062279616
2016-09-07 23:58,0.061816864
2016-09-08 23:58,0.061695676
2016-09-09 23:58,0.061665555
2016-09-11 23:58,0.061529247
2016-09-12 23:58,0.061574848
2016-09-13 23:58,0.06142288
2016-09-14 23:58,0.061593636
2016-09-15 23:58,0.061422411
2016-09-16 23:58,0.061505802
2016-09-17 23:58,0.06150763
2016-09-19 23:58,0.06147896
2016-09-20 23:58,0.061162066
2016-09-21 23:58,0.061562254
2016-09-22 23:58,0.061434704
2016-09-23 23:58,0.06164015
2016-09-24 23:58,0.06164385
2016-09-26 23:58,0.061663275
2016-09-27 23:58,0.061689175
2016-09-28 23:58,0.061878177
2016-09-29 23:58,0.061481726
2016-09-30 23:58,0.06181024
2016-10-03 23:58,0.061669608
2016-10-04 23:58,0.061974519
2016-10-05 23:58,0.061724325
2016-10-06 23:58,0.061473987
2016-10-07 23:58,0.061997744
2016-10-10 23:58,0.061988388
2016-10-11 23:58,0.062050521
2016-10-12 23:58,0.061946414
2016-10-13 23:58,0.062105901
2016-10-14 23:58,0.0619068
2016-10-15 23:58,0.06190772
2016-10-17 23:58,0.062152051
2016-10-18 23:58,0.062072637
2016-10-19 23:58,0.062161281
2016-10-20 23:58,0.061906248
2016-10-21 23:58,0.062248548
2016-10-22 23:58,0.062251311
2016-10-24 23:58,0.062396829
2016-10-25 23:58,0.062512522
2016-10-26 23:58,0.062348016
2016-10-27 23:58,0.062342203
2016-10-28 23:58,0.062564832
2016-10-31 23:58,0.06260562
2016-11-01 23:58,0.062729163
2016-11-02 23:58,0.062343204
2016-11-03 23:58,0.06267168
2016-11-04 23:58,0.06247259
2016-11-07 23:58,0.062516636
2016-11-08 23:58,0.062630165
2016-11-09 23:58,0.0617196
2016-11-10 23:58,0.062851404
2016-11-11 23:58,0.06217485
2016-11-12 23:58,0.06217485
2016-11-13 23:58,0.062198614
2016-11-14 23:58,0.061953585
2016-11-15 23:58,0.062158524
2016-11-16 23:58,0.061578044
2016-11-17 23:58,0.061825129
2016-11-18 23:58,0.061977087
2016-11-19 23:58,0.061977087
2016-11-21 23:58,0.062275656
2016-11-22 23:58,0.062210379
2016-11-23 23:58,0.061569882
2016-11-24 23:58,0.061987072
2016-11-25 23:58,0.0621882
2016-11-26 23:58,0.0621882
2016-11-28 23:58,0.061949511
2016-11-29 23:58,0.062213646
2016-11-30 23:58,0.0620172
2016-12-01 23:58,0.06216356
2016-12-02 23:58,0.06216356
2016-12-05 23:58,0.06245739
2016-12-06 23:58,0.06226032
2016-12-07 23:58,0.062727665
2016-12-08 23:58,0.0618291
2016-12-09 23:58,0.06276907
2016-12-10 23:58,0.06276907
2016-12-11 23:58,0.062920037
2016-12-12 23:58,0.063175604
2016-12-13 23:58,0.062921221
2016-12-14 23:58,0.062341314
2016-12-15 23:58,0.062963444
2016-12-16 23:58,0.063250947
2016-12-17 23:58,0.063250947
2016-12-19 23:58,0.06292465
2016-12-20 23:58,0.062965188
2016-12-21 23:58,0.063097326
2016-12-22 23:58,0.06281062
2016-12-23 23:58,0.062982512
2016-12-26 23:58,0.063057876
2016-12-27 23:58,0.06289905
2016-12-28 23:58,0.062762062
2016-12-29 23:58,0.063063324
2016-12-30 23:58,0.06276175
2017-01-02 23:58,0.06270432
2017-01-03 23:58,0.062777396
2017-01-04 23:58,0.06301841
2017-01-05 23:58,0.063093164
2017-01-06 23:58,0.062334514
2017-01-09 23:58,0.062985236
2017-01-10 23:58,0.062429224
2017-01-11 23:58,0.062841066
2017-01-12 23:58,0.062191998
2017-01-13 23:58,0.062221215
2017-01-16 23:58,0.06236355
2017-01-17 23:58,0.062080522
2017-01-18 23:58,0.06161038
2017-01-19 23:58,0.062026152
2017-01-20 23:58,0.06234782
2017-01-22 23:58,0.062498295
2017-01-23 23:58,0.06207508
2017-01-24 23:58,0.06184647
2017-01-25 23:58,0.06220608
2017-01-26 23:58,0.061974384
2017-01-27 23:58,0.062257602
2017-01-28 23:58,0.062257602
2017-01-29 23:58,0.06235998
2017-01-30 23:58,0.06261437
2017-01-31 23:58,0.062733744
2017-02-01 23:58,0.06261619
2017-02-02 23:58,0.062952
2017-02-03 23:58,0.06320584
2017-02-04 23:58,0.06310924
2017-02-06 23:58,0.062939212
2017-02-07 23:58,0.062993175
2017-02-08 23:58,0.063295725
2017-02-09 23:58,0.063122434
2017-02-10 23:58,0.063368484
2017-02-11 23:58,0.063258885
2017-02-13 23:58,0.06301622
2017-02-14 23:58,0.062968556
2017-02-15 23:58,0.063464016
2017-02-16 23:58,0.063180972
2017-02-17 23:58,0.0628239
2017-02-18 23:58,0.062736975
2017-02-20 23:58,0.063209739
2017-02-21 23:58,0.063251094
2017-02-22 23:58,0.063512988
2017-02-23 23:58,0.06329991
2017-02-24 23:58,0.06342336
2017-02-25 23:58,0.06314696
2017-02-27 23:58,0.063342322
2017-02-28 23:58,0.063376872
2017-03-01 23:58,0.063522706
2017-03-02 23:58,0.063503672
2017-03-03 23:58,0.063551616
2017-03-04 23:58,0.063982088
2017-03-05 23:58,0.064065698
2017-03-06 23:58,0.063656541
2017-03-07 23:58,0.063708229
2017-03-08 23:58,0.063658599
2017-03-09 23:58,0.063850248
2017-03-10 23:58,0.06388821
2017-03-13 23:58,0.0642909
2017-03-14 23:58,0.06458143
2017-03-15 23:58,0.065471792
2017-03-16 23:58,0.065242782
2017-03-17 23:58,0.064950643
2017-03-18 23:58,0.065007103
2017-03-20 23:58,0.06498546
2017-03-21 23:58,0.064924607
2017-03-22 23:58,0.06476903
2017-03-23 23:58,0.064795378
2017-03-24 23:58,0.064768089
2017-03-27 23:58,0.065010066
2017-03-28 23:58,0.064793586
2017-03-29 23:58,0.065226519
2017-03-30 23:58,0.06496327
2017-03-31 23:58,0.065182238
2017-04-03 23:58,0.065259372
2017-04-04 23:58,0.065478252
2017-04-05 23:58,0.065354172
2017-04-06 23:58,0.0655291
2017-04-07 23:58,0.066098168
2017-04-08 23:58,0.06580332
2017-04-10 23:58,0.065788449
2017-04-11 23:58,0.06580714
2017-04-12 23:58,0.065532459
2017-04-13 23:58,0.06583494
2017-04-14 23:58,0.06563311
2017-04-17 23:58,0.065663816
2017-04-18 23:58,0.065997421
2017-04-19 23:58,0.06555472
2017-04-20 23:58,0.06537615
2017-04-21 23:58,0.065733605
2017-04-24 23:58,0.0657967
2017-04-25 23:58,0.066201954
2017-04-26 23:58,0.066233081
2017-04-27 23:58,0.066072302
2017-04-28 23:58,0.066006306
2017-04-29 23:58,0.066003444
2017-05-01 23:58,0.06575922
2017-05-02 23:58,0.0661776
2017-05-03 23:58,0.066070386
2017-05-04 23:58,0.066471656
2017-05-05 23:58,0.06588576
2017-05-08 23:58,0.065937975
2017-05-09 23:58,0.06561745
2017-05-10 23:58,0.06585462
2017-05-11 23:58,0.065999372
2017-05-12 23:58,0.066372228
2017-05-15 23:58,0.06625134
2017-05-16 23:58,0.06647499
2017-05-17 23:58,0.066404545
2017-05-18 23:58,0.065239777
2017-05-19 23:58,0.065899977
2017-05-20 23:58,0.065576511
2017-05-22 23:58,0.06574602
2017-05-23 23:58,0.065190752
2017-05-24 23:58,0.0656617
2017-05-25 23:58,0.065449181
2017-05-26 23:58,0.065302419
2017-05-29 23:58,0.065339586
2017-05-30 23:58,0.065541448
2017-05-31 23:58,0.065183184
2017-06-01 23:58,0.064885958
2017-06-02 23:58,0.065461398
2017-06-03 23:58,0.065459476
2017-06-05 23:58,0.065170824
2017-06-06 23:58,0.065170763
2017-06-07 23:58,0.06539195
2017-06-08 23:58,0.06493236
2017-06-09 23:58,0.06515712
2017-06-12 23:58,0.06491708
2017-06-13 23:58,0.065064516
2017-06-14 23:58,0.06505778
2017-06-15 23:58,0.06508926
2017-06-16 23:58,0.065088304
2017-06-19 23:58,0.064923544
2017-06-20 23:58,0.065123856
2017-06-21 23:58,0.065278548
2017-06-22 23:58,0.065133738
2017-06-23 23:58,0.065419563
2017-06-24 23:58,0.065331519
2017-06-25 23:58,0.065403294
2017-06-26 23:58,0.065388488
2017-06-27 23:58,0.065469086
2017-06-28 23:58,0.065008
2017-06-29 23:58,0.064939149
2017-06-30 23:58,0.06471653
2017-07-03 23:58,0.0645981
2017-07-04 23:58,0.064723624
2017-07-05 23:58,0.064811624
2017-07-06 23:58,0.064735048
2017-07-07 23:58,0.064916838
2017-07-08 23:58,0.06476588
2017-07-10 23:58,0.06496483
2017-07-11 23:58,0.06529632
2017-07-12 23:58,0.06455388
2017-07-13 23:58,0.064909482
2017-07-14 23:58,0.06495168
2017-07-17 23:58,0.064919505
2017-07-18 23:58,0.064620932
2017-07-19 23:58,0.064609941
2017-07-20 23:58,0.065358563
2017-07-21 23:58,0.06460224
2017-07-24 23:58,0.064598457
2017-07-25 23:58,0.064595586
2017-07-26 23:58,0.06524364
2017-07-27 23:58,0.0646366
2017-07-28 23:58,0.064926364
2017-07-31 23:58,0.06523735
2017-08-01 23:58,0.064585794
2017-08-02 23:58,0.065267707
2017-08-03 23:58,0.065208476
2017-08-04 23:58,0.065054895
2017-08-07 23:58,0.064862475
2017-08-08 23:58,0.064615374
2017-08-09 23:58,0.064516306
2017-08-10 23:58,0.064198428
2017-08-11 23:58,0.064380036
2017-08-14 23:58,0.06401952
2017-08-15 23:58,0.06417024
2017-08-16 23:58,0.064622502
2017-08-17 23:58,0.064306251
2017-08-18 23:58,0.064128844
2017-08-21 23:58,0.064392594
2017-08-22 23:58,0.064085554
2017-08-23 23:58,0.064186012
2017-08-24 23:58,0.064148319
2017-08-25 23:58,0.06405687
2017-08-28 23:58,0.063959632
2017-08-29 23:58,0.063117978
2017-08-30 23:58,0.063252763
2017-08-31 23:58,0.063855162
2017-09-01 23:58,0.062913277
2017-09-04 23:58,0.062752339
2017-09-05 23:58,0.062955162
2017-09-06 23:58,0.062668732
2017-09-07 23:58,0.06257639
2017-09-08 23:58,0.062793378
2017-09-11 23:58,0.06269184
2017-09-12 23:58,0.06306275
2017-09-13 23:58,0.062543432
2017-09-14 23:58,0.063122724
2017-09-15 23:58,0.062874386
2017-09-18 23:58,0.063167491
2017-09-19 23:58,0.063133847
2017-09-20 23:58,0.06246155
2017-09-21 23:58,0.0628686
2017-09-22 23:58,0.0626297
2017-09-25 23:58,0.06249752
2017-09-26 23:58,0.062611428
2017-09-27 23:58,0.062354295
2017-09-28 23:58,0.06271765
2017-09-29 23:58,0.06240514
2017-10-02 23:58,0.062725531
2017-10-03 23:58,0.06252034
2017-10-04 23:58,0.063078024
2017-10-05 23:58,0.062879355
2017-10-06 23:58,0.06287463
2017-10-07 23:58,0.062944002
2017-10-09 23:58,0.062476579
2017-10-10 23:58,0.062231158
2017-10-11 23:58,0.062534355
2017-10-12 23:58,0.0622566
2017-10-13 23:58,0.062426169
2017-10-16 23:58,0.06272252
2017-10-17 23:58,0.062909
2017-10-18 23:58,0.0629641
2017-10-19 23:58,0.06283395
2017-10-20 23:58,0.06266754
2017-10-23 23:58,0.062997467
2017-10-24 23:58,0.06290928
2017-10-25 23:58,0.063189952
2017-10-26 23:58,0.062293518
2017-10-27 23:58,0.062827644
2017-10-30 23:58,0.063169224
2017-10-31 23:58,0.063239174
2017-11-01 23:58,0.062826288
2017-11-02 23:58,0.063041274
2017-11-03 23:58,0.06310808
2017-11-06 23:58,0.063349925
2017-11-07 23:58,0.063011702
2017-11-08 23:58,0.062820168
2017-11-09 23:58,0.062921547
2017-11-10 23:58,0.06286662
2017-11-11 23:58,0.06286662
2017-11-13 23:58,0.062668384
2017-11-14 23:58,0.062905488
2017-11-15 23:58,0.06224586
2017-11-16 23:58,0.062631765
2017-11-17 23:58,0.062727264
2017-11-18 23:58,0.062727264
2017-11-20 23:58,0.06262024
2017-11-21 23:58,0.063043692
2017-11-22 23:58,0.063200204
2017-11-23 23:58,0.062870515
2017-11-24 23:58,0.063219198
2017-11-27 23:58,0.062853209
2017-11-28 23:58,0.063053676
2017-11-29 23:58,0.063373597
2017-11-30 23:58,0.063542281
2017-12-01 23:58,0.063166744
2017-12-02 23:58,0.063166744
2017-12-04 23:58,0.063409062
2017-12-05 23:58,0.063124272
2017-12-06 23:58,0.06316752
2017-12-07 23:58,0.06313572
2017-12-08 23:58,0.06346752
2017-12-09 23:58,0.06355392
2017-12-11 23:58,0.063259476
2017-12-12 23:58,0.063158616
2017-12-13 23:58,0.063804268
2017-12-14 23:58,0.062979958
2017-12-15 23:58,0.063222252
2017-12-18 23:58,0.063430178
2017-12-19 23:58,0.06373825
2017-12-20 23:58,0.063428308
2017-12-21 23:58,0.063417402
2017-12-22 23:58,0.063244062
2017-12-25 23:58,0.063034032
2017-12-26 23:58,0.063010053
2017-12-27 23:58,0.062990667
2017-12-28 23:58,0.062833992
2017-12-29 23:58,0.062823089
2017-12-30 23:58,0.062910119
2018-01-01 23:58,0.062911086
2018-01-02 23:58,0.06305674
2018-01-03 23:58,0.06308007
2018-01-04 23:58,0.063179809
2018-01-05 23:58,0.062909148
2018-01-08 23:58,0.062961744
2018-01-09 23:58,0.063204592
2018-01-10 23:58,0.06279448
2018-01-11 23:58,0.063344352
2018-01-12 23:58,0.06289725
2018-01-13 23:58,0.062894325
2018-01-15 23:58,0.062550144
2018-01-16 23:58,0.062232618
2018-01-17 23:58,0.061941123
2018-01-18 23:58,0.062022996
2018-01-19 23:58,0.06151028
2018-01-20 23:58,0.06151028
2018-01-22 23:58,0.06180246
2018-01-23 23:58,0.061916043
2018-01-24 23:58,0.061654824
2018-01-25 23:58,0.061394388
2018-01-26 23:58,0.061312824
2018-01-29 23:58,0.061525473
2018-01-30 23:58,0.061251459
2018-01-31 23:58,0.061058422
2018-02-01 23:58,0.060716576
2018-02-02 23:58,0.060690186
2018-02-05 23:58,0.060506914
2018-02-06 23:58,0.060249175
2018-02-07 23:58,0.060106284
2018-02-08 23:58,0.06073248
2018-02-09 23:58,0.060178074
2018-02-12 23:58,0.06060787
2018-02-13 23:58,0.060864
2018-02-14 23:58,0.06104852
2018-02-15 23:58,0.06125048
2018-02-16 23:58,0.060973528
2018-02-19 23:58,0.06094464
2018-02-20 23:58,0.060415824
2018-02-21 23:58,0.060419632
2018-02-22 23:58,0.060263398
2018-02-23 23:58,0.060305392
2018-02-24 23:58,0.060235896
2018-02-25 23:58,0.060235896
2018-02-26 23:58,0.060110232
2018-02-27 23:58,0.060071817
2018-02-28 23:58,0.059890314
2018-03-01 23:58,0.060141004
2018-03-02 23:58,0.060046404
2018-03-05 23:58,0.060187572
2018-03-06 23:58,0.0599393
2018-03-07 23:58,0.06015075
2018-03-08 23:58,0.060118368
2018-03-09 23:58,0.059983927
2018-03-12 23:58,0.060063159
2018-03-13 23:58,0.060107004
2018-03-14 23:58,0.06012832
2018-03-15 23:58,0.060111759
2018-03-16 23:58,0.06014355
2018-03-19 23:58,0.0601502
2018-03-20 23:58,0.059909234
2018-03-21 23:58,0.059792876
2018-03-22 23:58,0.059989609
2018-03-23 23:58,0.059878104
2018-03-24 23:58,0.0599412
2018-03-26 23:58,0.059713248
2018-03-27 23:58,0.059739918
2018-03-28 23:58,0.059556376
2018-03-29 23:58,0.059618772
2018-03-30 23:58,0.059587488
2018-04-01 23:58,0.059555256
2018-04-02 23:58,0.059465918
2018-04-03 23:58,0.059676916
2018-04-04 23:58,0.059637732
2018-04-05 23:58,0.059809776
2018-04-06 23:58,0.05979649
2018-04-09 23:58,0.060090462
2018-04-10 23:58,0.059612384
2018-04-11 23:58,0.059300956
2018-04-12 23:58,0.05944995
2018-04-13 23:58,0.059288355
2018-04-16 23:58,0.059117094
2018-04-17 23:58,0.0590367
2018-04-18 23:58,0.059032694
2018-04-19 23:58,0.058888578
2018-04-20 23:58,0.05879997
2018-04-21 23:58,0.058778775
2018-04-23 23:58,0.058613408
2018-04-24 23:58,0.05864487
2018-04-25 23:58,0.058376981
2018-04-26 23:58,0.058539096
2018-04-27 23:58,0.05850768
2018-04-30 23:58,0.058825209
2018-05-01 23:58,0.058700421
2018-05-02 23:58,0.058843875
2018-05-03 23:58,0.058826002
2018-05-04 23:58,0.058654874
2018-05-05 23:58,0.058635421
2018-05-07 23:58,0.058440798
2018-05-08 23:58,0.058537543
2018-05-09 23:58,0.058334038
2018-05-10 23:58,0.058149512
2018-05-11 23:58,0.058011196
2018-05-13 23:58,0.058137858
2018-05-14 23:58,0.057868679
2018-05-15 23:58,0.057837576
2018-05-16 23:58,0.057907845
2018-05-17 23:58,0.057996082
2018-05-18 23:58,0.057842111
2018-05-19 23:58,0.057905884
2018-05-21 23:58,0.057748955
2018-05-22 23:58,0.057723294
2018-05-23 23:58,0.057626976
2018-05-24 23:58,0.057578892
2018-05-25 23:58,0.05812534
2018-05-28 23:58,0.058544445
2018-05-29 23:58,0.058262728
2018-05-30 23:58,0.05866052
2018-05-31 23:58,0.058581002
2018-06-01 23:58,0.05898142
2018-06-02 23:58,0.058719264
2018-06-04 23:58,0.05868812
2018-06-05 23:58,0.05873385
2018-06-06 23:58,0.058832559
2018-06-07 23:58,0.058743399
2018-06-08 23:58,0.058303089
2018-06-09 23:58,0.058529805
2018-06-11 23:58,0.05848314
2018-06-12 23:58,0.05850057
2018-06-13 23:58,0.058343376
2018-06-14 23:58,0.05840904
2018-06-15 23:58,0.058379055
2018-06-18 23:58,0.058399916
2018-06-19 23:58,0.058564065
2018-06-20 23:58,0.058632696
2018-06-21 23:58,0.058818426
2018-06-22 23:58,0.05918822
2018-06-25 23:58,0.05924334
2018-06-26 23:58,0.059533615
2018-06-27 23:58,0.059351081
2018-06-28 23:58,0.059447778
2018-06-29 23:58,0.059659715
2018-07-02 23:58,0.059800299
2018-07-03 23:58,0.05970259
2018-07-04 23:58,0.059482761
2018-07-05 23:58,0.05939936
2018-07-06 23:58,0.059441425
2018-07-07 23:58,0.059689153
2018-07-09 23:58,0.059389281
2018-07-10 23:58,0.059424639
2018-07-11 23:58,0.059750247
2018-07-12 23:58,0.060002432
2018-07-13 23:58,0.060269059
2018-07-16 23:58,0.060163506
2018-07-17 23:58,0.060471192
2018-07-18 23:58,0.060362565
2018-07-19 23:58,0.060520037
2018-07-20 23:58,0.060642535
2018-07-21 23:58,0.060936668
2018-07-22 23:58,0.060911431
2018-07-23 23:58,0.060885526
2018-07-24 23:58,0.060837448
2018-07-25 23:58,0.060784957
2018-07-26 23:58,0.060931927
2018-07-27 23:58,0.061156927
2018-07-30 23:58,0.06125641
2018-07-31 23:58,0.061267836
2018-08-01 23:58,0.061463439
2018-08-02 23:58,0.061347612
2018-08-03 23:58,0.061285748
2018-08-06 23:58,0.061440152
2018-08-07 23:58,0.061409463
2018-08-08 23:58,0.061397868
2018-08-09 23:58,0.061296854
2018-08-10 23:58,0.061296604
2018-08-13 23:58,0.060822379
2018-08-14 23:58,0.060748527
2018-08-15 23:58,0.061153342
2018-08-16 23:58,0.06041957
2018-08-17 23:58,0.060531959
2018-08-20 23:58,0.06060657
2018-08-21 23:58,0.060460825
2018-08-22 23:58,0.060437089
2018-08-23 23:58,0.060466292
2018-08-24 23:58,0.060250724
2018-08-27 23:58,0.059949545
2018-08-28 23:58,0.059848382
2018-08-29 23:58,0.059572254
2018-08-30 23:58,0.059653356
2018-08-31 23:58,0.059393179
2018-09-03 23:58,0.059230837
2018-09-04 23:58,0.059004246
2018-09-05 23:58,0.058820643
2018-09-06 23:58,0.058678108
2018-09-07 23:58,0.058837132
2018-09-10 23:58,0.058400301
2018-09-11 23:58,0.058376717
2018-09-12 23:58,0.058728976
2018-09-13 23:58,0.0586895
2018-09-14 23:58,0.059037173
2018-09-17 23:58,0.058404747
2018-09-18 23:58,0.058293863
2018-09-19 23:58,0.058271912
2018-09-20 23:58,0.058657725
2018-09-21 23:58,0.058743406
2018-09-22 23:58,0.05876809
2018-09-24 23:58,0.05839297
2018-09-25 23:58,0.058353937
2018-09-26 23:58,0.058512173
2018-09-27 23:58,0.058468101
2018-09-28 23:58,0.05846591
2018-10-01 23:58,0.058181415
2018-10-02 23:58,0.058159438
2018-10-03 23:58,0.057844732
2018-10-04 23:58,0.057522783
2018-10-05 23:58,0.057417018
2018-10-06 23:58,0.057516678
2018-10-07 23:58,0.057516678
2018-10-08 23:58,0.057753646
2018-10-09 23:58,0.05744471
2018-10-10 23:58,0.057606702
2018-10-11 23:58,0.057390993
2018-10-12 23:58,0.058047412
2018-10-15 23:58,0.057802401
2018-10-16 23:58,0.057972924
2018-10-17 23:58,0.058069407
2018-10-18 23:58,0.05822111
2018-10-19 23:58,0.058265369
2018-10-22 23:58,0.058370745
2018-10-23 23:58,0.058172874
2018-10-24 23:58,0.058497552
2018-10-25 23:58,0.058532731
2018-10-26 23:58,0.058370457
2018-10-28 23:58,0.05865996
2018-10-29 23:58,0.058434195
2018-10-30 23:58,0.058379684
2018-10-31 23:58,0.058089486
2018-11-01 23:58,0.058174465
2018-11-02 23:58,0.058702637
2018-11-05 23:58,0.058449467
2018-11-06 23:58,0.05850422
2018-11-07 23:58,0.058741219
2018-11-08 23:58,0.059099074
2018-11-09 23:58,0.059194013
2018-11-12 23:58,0.058957754
2018-11-13 23:58,0.059050344
2018-11-14 23:58,0.059295219
2018-11-15 23:58,0.059449273
2018-11-16 23:58,0.059522929
2018-11-17 23:58,0.059931357
2018-11-19 23:58,0.059773116
2018-11-20 23:58,0.059951005
2018-11-21 23:58,0.059935179
2018-11-22 23:58,0.060466737
2018-11-23 23:58,0.060675297
2018-11-24 23:58,0.060543269
2018-11-26 23:58,0.060337466
2018-11-27 23:58,0.060604367
2018-11-28 23:58,0.060451989
2018-11-29 23:58,0.061333012
2018-11-30 23:58,0.061616569
2018-12-01 23:58,0.061277693
2018-12-03 23:58,0.060242837
2018-12-04 23:58,0.059792331
2018-12-05 23:58,0.059962884
2018-12-06 23:58,0.059889371
2018-12-07 23:58,0.059895495
2018-12-09 23:58,0.060716213
2018-12-10 23:58,0.059793281
2018-12-11 23:58,0.059227225
2018-12-12 23:58,0.058948215
2018-12-13 23:58,0.059210488
2018-12-14 23:58,0.05923998
2018-12-16 23:58,0.060024329
2018-12-17 23:58,0.059424555
2018-12-18 23:58,0.060358032
2018-12-19 23:58,0.060394102
2018-12-20 23:58,0.060901567
2018-12-21 23:58,0.060765448
2018-12-22 23:58,0.061581813
2018-12-23 23:58,0.061581813
2018-12-24 23:58,0.060623262
2018-12-25 23:58,0.060741601
2018-12-26 23:58,0.060697762
2018-12-27 23:58,0.060224471
2018-12-28 23:58,0.060639711
2018-12-30 23:58,0.061450905
2018-12-31 23:58,0.060773225
2019-01-01 23:58,0.06094703
2019-01-02 23:58,0.060286427
2019-01-03 23:58,0.060390785
2019-01-04 23:58,0.060858832
2019-01-05 23:58,0.061680885
2019-01-06 23:58,0.061680885
2019-01-07 23:58,0.06079512
2019-01-08 23:58,0.060247283
2019-01-09 23:58,0.059638545
2019-01-10 23:58,0.059631581
2019-01-11 23:58,0.059221673
2019-01-12 23:58,0.06000355
2019-01-13 23:58,0.060006212
2019-01-14 23:58,0.058862943
2019-01-15 23:58,0.058606106
2019-01-16 23:58,0.058512365
2019-01-17 23:58,0.058925654
2019-01-18 23:58,0.058863837
2019-01-20 23:58,0.059655135
2019-01-21 23:58,0.059031832
2019-01-22 23:58,0.059018051
2019-01-23 23:58,0.058744866
2019-01-24 23:58,0.059060944
2019-01-25 23:58,0.05865978
2019-01-26 23:58,0.058848294
2019-01-27 23:58,0.059724611
2019-01-28 23:58,0.058596502
2019-01-29 23:58,0.058446551
2019-01-30 23:58,0.058240174
2019-01-31 23:58,0.057916421
2019-02-01 23:58,0.058500635
2019-02-03 23:58,0.059281059
2019-02-04 23:58,0.05802433
2019-02-05 23:58,0.058077548
2019-02-06 23:58,0.058133579
2019-02-07 23:58,0.058360845
2019-02-08 23:58,0.058468746
2019-02-09 23:58,0.058369838
2019-02-10 23:58,0.05923688
2019-02-11 23:58,0.058880759
2019-02-12 23:58,0.059219726
2019-02-13 23:58,0.058985228
2019-02-14 23:58,0.058843082
2019-02-15 23:58,0.058808239
2019-02-16 23:58,0.059596128
2019-02-17 23:58,0.059607683
2019-02-18 23:58,0.058576077
2019-02-19 23:58,0.058400043
2019-02-20 23:58,0.058372526
2019-02-21 23:58,0.058275426
2019-02-22 23:58,0.058245066
2019-02-23 23:58,0.058184411
2019-02-24 23:58,0.05826252
2019-02-25 23:58,0.058266665
2019-02-26 23:58,0.058275001
2019-02-27 23:58,0.057814903
2019-02-28 23:58,0.058567766
2019-03-01 23:58,0.058394646
2019-03-02 23:58,0.059182974
2019-03-03 23:58,0.059173247
2019-03-04 23:58,0.058417909
2019-03-05 23:58,0.058584163
2019-03-06 23:58,0.059014984
2019-03-07 23:58,0.059239176
2019-03-08 23:58,0.059291149
2019-03-09 23:58,0.06010283
2019-03-10 23:58,0.059416825
2019-03-11 23:58,0.059407687
2019-03-12 23:58,0.059432019
2019-03-13 23:58,0.059465671
2019-03-14 23:58,0.059967634
2019-03-15 23:58,0.05993457
2019-03-16 23:58,0.060769595
2019-03-17 23:58,0.060772311
2019-03-18 23:58,0.060267572
2019-03-19 23:58,0.060030566
2019-03-20 23:58,0.060016826
2019-03-21 23:58,0.060222177
2019-03-22 23:58,0.060127449
2019-03-23 23:58,0.060165175
2019-03-24 23:58,0.061076412
2019-03-25 23:58,0.060083785
2019-03-26 23:58,0.060130139
2019-03-27 23:58,0.060197472
2019-03-28 23:58,0.059905078
2019-03-29 23:58,0.059836168
2019-03-30 23:58,0.060675035
2019-03-31 23:58,0.060675035
2019-04-01 23:58,0.059687884
2019-04-02 23:58,0.060074728
2019-04-03 23:58,0.060221461
2019-04-04 23:58,0.059998044
2019-04-05 23:58,0.059738094
2019-04-06 23:58,0.060573961
2019-04-07 23:58,0.060573961
2019-04-08 23:58,0.05945748
2019-04-09 23:58,0.059691224
2019-04-10 23:58,0.05980198
2019-04-11 23:58,0.060008298
2019-04-12 23:58,0.059696018
2019-04-13 23:58,0.059625012
2019-04-14 23:58,0.059703391
2019-04-15 23:58,0.059616696
2019-04-16 23:58,0.059485392
2019-04-17 23:58,0.059391698
2019-04-18 23:58,0.059454561
2019-04-19 23:58,0.059327771
2019-04-20 23:58,0.060153218
2019-04-21 23:58,0.060153218
2019-04-22 23:58,0.059414501
2019-04-23 23:58,0.059456858
2019-04-24 23:58,0.059335466
2019-04-25 23:58,0.059190919
2019-04-26 23:58,0.059220634
2019-04-27 23:58,0.059296859
2019-04-28 23:58,0.060205127
2019-04-29 23:58,0.059457191
2019-04-30 23:58,0.059613658
2019-05-01 23:58,0.059648425
2019-05-02 23:58,0.059836762
2019-05-03 23:58,0.059893352
2019-05-04 23:58,0.060737
2019-05-05 23:58,0.060737
2019-05-06 23:58,0.060138549
2019-05-07 23:58,0.060198662
2019-05-08 23:58,0.060121752
2019-05-09 23:58,0.060181059
2019-05-10 23:58,0.060239103
2019-05-11 23:58,0.061075013
2019-05-12 23:58,0.061075013
2019-05-13 23:58,0.060181189
2019-05-14 23:58,0.060244061
2019-05-15 23:58,0.060269378
2019-05-16 23:58,0.060578964
2019-05-17 23:58,0.060782184
2019-05-18 23:58,0.061626392
2019-05-19 23:58,0.061627282
2019-05-20 23:58,0.061111097
2019-05-21 23:58,0.061007492
2019-05-22 23:58,0.060980206
2019-05-23 23:58,0.06084022
2019-05-24 23:58,0.061167617
2019-05-25 23:58,0.06119551
2019-05-26 23:58,0.062132716
2019-05-27 23:58,0.061156093
2019-05-28 23:58,0.061033608
2019-05-29 23:58,0.06097204
2019-05-30 23:58,0.060903203
2019-05-31 23:58,0.060944562
2019-06-01 23:58,0.061796847
2019-06-02 23:58,0.061249723
2019-06-03 23:58,0.061497045
2019-06-04 23:58,0.061483259
2019-06-05 23:58,0.061386067
2019-06-06 23:58,0.061476282
2019-06-07 23:58,0.061342544
2019-06-08 23:58,0.062196146
2019-06-09 23:58,0.062196146
2019-06-10 23:58,0.061380589
2019-06-11 23:58,0.061389229
2019-06-12 23:58,0.061492624
2019-06-13 23:58,0.061377115
2019-06-14 23:58,0.061151454
2019-06-15 23:58,0.060975347
2019-06-16 23:58,0.061900119
2019-06-17 23:58,0.061109473
2019-06-18 23:58,0.060988723
2019-06-19 23:58,0.061030912
2019-06-20 23:58,0.060810846
2019-06-21 23:58,0.061045288
2019-06-22 23:58,0.061890242
2019-06-23 23:58,0.061890242
2019-06-24 23:58,0.061121653
2019-06-25 23:58,0.061092686
2019-06-26 23:58,0.061327177
2019-06-27 23:58,0.061246291
2019-06-28 23:58,0.061139343
2019-06-29 23:58,0.062066945
2019-06-30 23:58,0.062066945
2019-07-01 23:58,0.060952253
2019-07-02 23:58,0.061373832
2019-07-03 23:58,0.061663104
2019-07-04 23:58,0.061876624
2019-07-05 23:58,0.062147128
2019-07-06 23:58,0.063025772
2019-07-07 23:58,0.063025772
2019-07-08 23:58,0.061835208
2019-07-09 23:58,0.061945793
2019-07-10 23:58,0.061786576
2019-07-11 23:58,0.061980105
2019-07-12 23:58,0.061960855
2019-07-13 23:58,0.06283581
2019-07-14 23:58,0.06283581
2019-07-15 23:58,0.06188316
2019-07-16 23:58,0.061807572
2019-07-17 23:58,0.061516371
2019-07-18 23:58,0.061693833
2019-07-19 23:58,0.061698966
2019-07-20 23:58,0.061596216
2019-07-21 23:58,0.062545213
2019-07-22 23:58,0.061561759
2019-07-23 23:58,0.06151814
2019-07-24 23:58,0.061414718
2019-07-25 23:58,0.061446534
2019-07-26 23:58,0.061565393
2019-07-27 23:58,0.062439403
2019-07-28 23:58,0.062439403
2019-07-29 23:58,0.061721442
2019-07-30 23:58,0.061624741
2019-07-31 23:58,0.061672511
2019-08-01 23:58,0.061544931
2019-08-02 23:58,0.061853947
2019-08-03 23:58,0.062730733
2019-08-04 23:58,0.062730733
2019-08-05 23:58,0.061895661
2019-08-06 23:58,0.061271663
2019-08-07 23:58,0.061665474
2019-08-08 23:58,0.061564364
2019-08-09 23:58,0.06169404
2019-08-10 23:58,0.062532317
2019-08-11 23:58,0.062544088
2019-08-12 23:58,0.061045486
2019-08-13 23:58,0.061012799
2019-08-14 23:58,0.061057393
2019-08-15 23:58,0.060753386
2019-08-16 23:58,0.061159606
2019-08-17 23:58,0.062005692
2019-08-18 23:58,0.062005692
2019-08-19 23:58,0.060920142
2019-08-20 23:58,0.060860106
2019-08-21 23:58,0.060937212
2019-08-22 23:58,0.060985588
2019-08-23 23:58,0.061122006
2019-08-24 23:58,0.06207211
2019-08-25 23:58,0.063005029
2019-08-26 23:58,0.061353864
2019-08-27 23:58,0.062578605
2019-08-28 23:58,0.062348141
2019-08-29 23:58,0.061452819
2019-08-30 23:58,0.061808074
2019-08-31 23:58,0.062661203
2019-09-01 23:58,0.062651668
2019-09-02 23:58,0.061947401
2019-09-03 23:58,0.061201064
2019-09-04 23:58,0.061133476
2019-09-05 23:58,0.061385162
2019-09-06 23:58,0.061246183
2019-09-07 23:58,0.061771271
2019-09-08 23:58,0.06269063
2019-09-09 23:58,0.061543395
2019-09-10 23:58,0.06098425
2019-09-11 23:58,0.061222208
2019-09-12 23:58,0.061345661
2019-09-13 23:58,0.061623297
2019-09-14 23:58,0.062462502
2019-09-15 23:58,0.062473227
2019-09-16 23:58,0.060928621
2019-09-17 23:58,0.06085694
2019-09-18 23:58,0.061327052
2019-09-19 23:58,0.061530915
2019-09-20 23:58,0.061700983
2019-09-21 23:58,0.062559259
2019-09-22 23:58,0.062559259
2019-09-23 23:58,0.061901055
2019-09-24 23:58,0.061800252
2019-09-25 23:58,0.061918163
2019-09-26 23:58,0.062070594
2019-09-27 23:58,0.062205362
2019-09-28 23:58,0.062138132
2019-09-29 23:58,0.063093762
2019-09-30 23:58,0.062263302
2019-10-01 23:58,0.062245277
2019-10-02 23:58,0.062205563
2019-10-03 23:58,0.062203263
2019-10-04 23:58,0.062207552
2019-10-05 23:58,0.062107649
2019-10-06 23:58,0.063055679
2019-10-07 23:58,0.06211448
2019-10-08 23:58,0.061924144
2019-10-09 23:58,0.061903405
2019-10-10 23:58,0.061739059
2019-10-11 23:58,0.061521148
2019-10-12 23:58,0.062363188
2019-10-13 23:58,0.061500128
2019-10-14 23:58,0.06119901
2019-10-15 23:58,0.0610132
2019-10-16 23:58,0.061229017
2019-10-17 23:58,0.061353513
2019-10-18 23:58,0.061346371
2019-10-19 23:58,0.062188954
2019-10-20 23:58,0.062177771
2019-10-21 23:58,0.061540845
2019-10-22 23:58,0.0614641
2019-10-23 23:58,0.061401815
2019-10-24 23:58,0.061351808
2019-10-25 23:58,0.061416652
2019-10-26 23:58,0.062264637
2019-10-27 23:58,0.062253302
2019-10-28 23:58,0.061621983
2019-10-29 23:58,0.061530185
2019-10-30 23:58,0.061401589
2019-10-31 23:58,0.061182418
2019-11-01 23:58,0.061317146
2019-11-02 23:58,0.062151044
2019-11-03 23:58,0.062162325
2019-11-04 23:58,0.061285929
2019-11-05 23:58,0.061141982
2019-11-06 23:58,0.060927517
2019-11-07 23:58,0.060648998
2019-11-08 23:58,0.060515039
2019-11-09 23:58,0.061352457
2019-11-10 23:58,0.061352457
2019-11-11 23:58,0.060469864
2019-11-12 23:58,0.060329277
2019-11-13 23:58,0.060093863
2019-11-14 23:58,0.060196547
2019-11-15 23:58,0.060179369
2019-11-16 23:58,0.060294446
2019-11-17 23:58,0.06111282
2019-11-18 23:58,0.060348902
2019-11-19 23:58,0.060478789
2019-11-20 23:58,0.060425803
2019-11-21 23:58,0.060408258
2019-11-22 23:58,0.060565977
2019-11-23 23:58,0.061397106
2019-11-24 23:58,0.061397978
2019-11-25 23:58,0.060502957
2019-11-26 23:58,0.060647781
2019-11-27 23:58,0.060724141
2019-11-28 23:58,0.060572698
2019-11-29 23:58,0.060460931
2019-11-30 23:58,0.06056451
2019-12-01 23:58,0.06140097
2019-12-02 23:58,0.060516303
2019-12-03 23:58,0.06074397
2019-12-04 23:58,0.060791553
2019-12-05 23:58,0.060975993
2019-12-06 23:58,0.060906775
2019-12-07 23:58,0.061745761
2019-12-08 23:58,0.061745761
2019-12-09 23:58,0.061077098
2019-12-10 23:58,0.061135047
2019-12-11 23:58,0.061239431
2019-12-12 23:58,0.061081211
2019-12-13 23:58,0.060767513
2019-12-14 23:58,0.061603779
2019-12-15 23:58,0.061603779
2019-12-16 23:58,0.060682517
2019-12-17 23:58,0.060756316
2019-12-18 23:58,0.060833837
2019-12-19 23:58,0.06086023
2019-12-20 23:58,0.060698183
2019-12-21 23:58,0.061534409
2019-12-22 23:58,0.061534409
2019-12-23 23:58,0.060715835
2019-12-24 23:58,0.060597898
2019-12-25 23:58,0.060502752
2019-12-26 23:58,0.060597697
2019-12-27 23:58,0.060431099
2019-12-28 23:58,0.061257547
2019-12-29 23:58,0.061257547
2019-12-30 23:58,0.060378229
2019-12-31 23:58,0.060082922
2020-01-01 23:58,0.059851666
2020-01-02 23:58,0.060184276
2020-01-03 23:58,0.059809099
2020-01-04 23:58,0.060623435
2020-01-05 23:58,0.060623435
2020-01-06 23:58,0.059898066
2020-01-07 23:58,0.059730229
2020-01-08 23:58,0.059840253
2020-01-09 23:58,0.060315827
2020-01-10 23:58,0.060227159
2020-01-11 23:58,0.060364716
2020-01-12 23:58,0.060283573
2020-01-13 23:58,0.060123044
2020-01-14 23:58,0.060105719
2020-01-15 23:58,0.060038696
2020-01-16 23:58,0.059935227
2020-01-17 23:58,0.059623639
2020-01-18 23:58,0.060436022
2020-01-19 23:58,0.060447004
2020-01-20 23:58,0.059602545
2020-01-21 23:58,0.059870368
2020-01-22 23:58,0.059845673
2020-01-23 23:58,0.060056602
2020-01-24 23:58,0.059981265
2020-01-25 23:58,0.060811156
2020-01-26 23:58,0.060800085
2020-01-27 23:58,0.05987646
2020-01-28 23:58,0.059972117
2020-01-29 23:58,0.060020993
2020-01-30 23:58,0.059915217
2020-01-31 23:58,0.060003272
2020-02-01 23:58,0.060833395
2020-02-02 23:58,0.060822316
2020-02-03 23:58,0.060728162
2020-02-04 23:58,0.060543804
2020-02-05 23:58,0.060399607
2020-02-06 23:58,0.060438983
2020-02-07 23:58,0.060568393
2020-02-08 23:58,0.061413008
2020-02-09 23:58,0.061401654
2020-02-10 23:58,0.060387379
2020-02-11 23:58,0.060301115
2020-02-12 23:58,0.060358417
2020-02-13 23:58,0.060329333
2020-02-14 23:58,0.060406788
2020-02-15 23:58,0.061257785
2020-02-16 23:58,0.061257785
2020-02-17 23:58,0.060416953
2020-02-18 23:58,0.060244376
2020-02-19 23:58,0.060429065
2020-02-20 23:58,0.060482218
2020-02-21 23:58,0.060143829
2020-02-22 23:58,0.060985288
2020-02-23 23:58,0.060973906
2020-02-24 23:58,0.060380577
2020-02-25 23:58,0.06039447
2020-02-26 23:58,0.060611502
2020-02-27 23:58,0.060748359
2020-02-28 23:58,0.059714331
2020-02-29 23:58,0.060521887
2020-03-01 23:58,0.060532738
2020-03-02 23:58,0.059716806
2020-03-03 23:58,0.058688511
2020-03-04 23:58,0.058722752
2020-03-05 23:58,0.058507976
2020-03-06 23:58,0.05804113
2020-03-07 23:58,0.058797124
2020-03-08 23:58,0.058789307
2020-03-09 23:58,0.057924311
2020-03-10 23:58,0.057874995
2020-03-11 23:58,0.057987053
2020-03-12 23:58,0.058604312
2020-03-13 23:58,0.058599055
2020-03-14 23:58,0.059373428
2020-03-15 23:58,0.059373428
2020-03-16 23:58,0.058275015
2020-03-17 23:58,0.058282854
2020-03-18 23:58,0.058574701
2020-03-19 23:58,0.058555436
2020-03-20 23:58,0.058503508
2020-03-21 23:58,0.059296549
2020-03-22 23:58,0.059286156
2020-03-23 23:58,0.057790287
2020-03-24 23:58,0.057199615
2020-03-25 23:58,0.057499993
2020-03-26 23:58,0.057878442
2020-03-27 23:58,0.05821604
2020-03-28 23:58,0.058981423
2020-03-29 23:58,0.058852413
2020-03-30 23:58,0.057962441
2020-03-31 23:58,0.057851193
2020-04-01 23:58,0.058127862
2020-04-02 23:58,0.056960112
2020-04-03 23:58,0.057715041
2020-04-04 23:58,0.058482141
2020-04-05 23:58,0.058482141
2020-04-06 23:58,0.057421965
2020-04-07 23:58,0.057475825
2020-04-08 23:58,0.057199288
2020-04-09 23:58,0.056992785
2020-04-10 23:58,0.05725768
2020-04-11 23:58,0.058010013
2020-04-12 23:58,0.058010013
2020-04-13 23:58,0.057549328
2020-04-14 23:58,0.057118133
2020-04-15 23:58,0.057066199
2020-04-16 23:58,0.05680599
2020-04-17 23:58,0.057092499
2020-04-18 23:58,0.057289243
2020-04-19 23:58,0.058042587
2020-04-20 23:58,0.056986655
2020-04-21 23:58,0.056736573
2020-04-22 23:58,0.057152726
2020-04-23 23:58,0.057275104
2020-04-24 23:58,0.057235609
2020-04-25 23:58,0.057981764
2020-04-26 23:58,0.05799222
2020-04-27 23:58,0.057379962
2020-04-28 23:58,0.057329814
2020-04-29 23:58,0.057632225
2020-04-30 23:58,0.058034565
2020-05-01 23:58,0.058422585
2020-05-02 23:58,0.05920224
2020-05-03 23:58,0.05920224
2020-05-04 23:58,0.057645277
2020-05-05 23:58,0.057543083
2020-05-06 23:58,0.057805197
2020-05-07 23:58,0.057637636
2020-05-08 23:58,0.057737927
2020-05-09 23:58,0.058505431
2020-05-10 23:58,0.058504604
2020-05-11 23:58,0.057794734
2020-05-12 23:58,0.058053397
2020-05-13 23:58,0.058094603
2020-05-14 23:58,0.057955916
2020-05-15 23:58,0.05784144
2020-05-16 23:58,0.058609854
2020-05-17 23:58,0.058609854
2020-05-18 23:58,0.057703869
2020-05-19 23:58,0.057881392
2020-05-20 23:58,0.057877609
2020-05-21 23:58,0.058145572
2020-05-22 23:58,0.057985749
2020-05-23 23:58,0.058748121
2020-05-24 23:58,0.058738438
2020-05-25 23:58,0.058018621
2020-05-26 23:58,0.058201486
2020-05-27 23:58,0.058509931
2020-05-28 23:58,0.058153175
2020-05-29 23:58,0.058295628
2020-05-30 23:58,0.059049509
2020-05-31 23:58,0.059049509
2020-06-01 23:58,0.058266666
2020-06-02 23:58,0.058309434
2020-06-03 23:58,0.058192127
2020-06-04 23:58,0.058056109
2020-06-05 23:58,0.057791369
2020-06-06 23:58,0.058525166
2020-06-07 23:58,0.058525166
2020-06-08 23:58,0.057804744
2020-06-09 23:58,0.057817836
2020-06-10 23:58,0.057710911
2020-06-11 23:58,0.057563677
2020-06-12 23:58,0.057627067
2020-06-13 23:58,0.058358298
2020-06-14 23:58,0.058349341
2020-06-15 23:58,0.057494454
2020-06-16 23:58,0.057497391
2020-06-17 23:58,0.057460049
2020-06-18 23:58,0.058222456
2020-06-19 23:58,0.05808202
2020-06-20 23:58,0.05808202
2020-06-21 23:58,0.05808202
2020-06-22 23:58,0.057386065
2020-06-23 23:58,0.057626522
2020-06-24 23:58,0.057766222
2020-06-25 23:58,0.057797532
2020-06-26 23:58,0.057812881
2020-06-27 23:58,0.058554082
2020-06-28 23:58,0.058552428
2020-06-29 23:58,0.05786819
2020-06-30 23:58,0.057688343
2020-07-01 23:58,0.057715892
2020-07-02 23:58,0.058294925
2020-07-03 23:58,0.058426689
2020-07-04 23:58,0.059176285
2020-07-05 23:58,0.059185792
2020-07-06 23:58,0.058035064
2020-07-07 23:58,0.057829552
2020-07-08 23:58,0.057637993
2020-07-09 23:58,0.057613941
2020-07-10 23:58,0.057569399
2020-07-11 23:58,0.05747332
2020-07-12 23:58,0.057474142
2020-07-13 23:58,0.057449819
2020-07-14 23:58,0.057285563
2020-07-15 23:58,0.057441875
2020-07-16 23:58,0.057353953
2020-07-17 23:58,0.057560976
2020-07-19 23:58,0.05829209
2020-07-20 23:58,0.05769522
2020-07-21 23:58,0.057743512
2020-07-22 23:58,0.057972689
2020-07-23 23:58,0.05789336
2020-07-24 23:58,0.057917452
2020-07-25 23:58,0.058635816
2020-07-26 23:58,0.058642943
2020-07-27 23:58,0.057753678
2020-07-28 23:58,0.057777568
2020-07-29 23:58,0.057821988
2020-07-30 23:58,0.057891166
2020-07-31 23:58,0.057633213
2020-08-01 23:58,0.058341752
2020-08-02 23:58,0.058333361
2020-08-03 23:58,0.057569623
2020-08-04 23:58,0.057342055
2020-08-05 23:58,0.057259561
2020-08-06 23:58,0.057376725
2020-08-07 23:58,0.057438633
2020-08-08 23:58,0.057283244
2020-08-09 23:58,0.057983942
2020-08-10 23:58,0.057451589
2020-08-11 23:58,0.057395452
2020-08-12 23:58,0.057258567
2020-08-13 23:58,0.057318425
2020-08-14 23:58,0.05739185
2020-08-15 23:58,0.058098962
2020-08-16 23:58,0.058099798
2020-08-17 23:58,0.057204645
2020-08-18 23:58,0.057408396
2020-08-19 23:58,0.057229298
2020-08-20 23:58,0.056992321
2020-08-21 23:58,0.057128958
2020-08-22 23:58,0.05783453
2020-08-23 23:58,0.05783453
2020-08-24 23:58,0.057627947
2020-08-25 23:58,0.057520548
2020-08-26 23:58,0.057290293
2020-08-27 23:58,0.057646063
2020-08-28 23:58,0.057819447
2020-08-29 23:58,0.058541499
2020-08-30 23:58,0.058541499
2020-08-31 23:58,0.057691722
2020-09-01 23:58,0.058031934
2020-09-02 23:58,0.057699462
2020-09-03 23:58,0.057711607
2020-09-04 23:58,0.057812023
2020-09-05 23:58,0.058538669
2020-09-06 23:58,0.058538669
2020-09-07 23:58,0.057605323
2020-09-08 23:58,0.057607232
2020-09-09 23:58,0.057341012
2020-09-10 23:58,0.057555437
2020-09-11 23:58,0.057386265
2020-09-12 23:58,0.05810257
2020-09-13 23:58,0.05810257
2020-09-14 23:58,0.057354663
2020-09-15 23:58,0.057077325
2020-09-16 23:58,0.056779369
2020-09-17 23:58,0.056750691
2020-09-18 23:58,0.057011893
2020-09-19 23:58,0.057726926
2020-09-20 23:58,0.057726926
2020-09-21 23:58,0.05728069
2020-09-22 23:58,0.056984789
2020-09-23 23:58,0.057194644
2020-09-24 23:58,0.05718211
2020-09-25 23:58,0.057122201
2020-09-26 23:58,0.057837685
2020-09-27 23:58,0.057837685
2020-09-28 23:58,0.057136387
2020-09-29 23:58,0.057059047
2020-09-30 23:58,0.056830359
2020-10-01 23:58,0.057336483
2020-10-02 23:58,0.05712518
2020-10-03 23:58,0.057848845
2020-10-04 23:58,0.057847993
2020-10-05 23:58,0.05723392
2020-10-06 23:58,0.057077849
2020-10-07 23:58,0.057236825
2020-10-08 23:58,0.057217694
2020-10-09 23:58,0.056529515
2020-10-10 23:58,0.057242905
2020-10-11 23:58,0.057234236
2020-10-12 23:58,0.056793109
2020-10-13 23:58,0.056795727
2020-10-14 23:58,0.056532648
2020-10-15 23:58,0.056526032
2020-10-16 23:58,0.056452935
2020-10-17 23:58,0.05716989
2020-10-18 23:58,0.05716989
2020-10-19 23:58,0.056262845
2020-10-20 23:58,0.056092961
2020-10-21 23:58,0.055723868
2020-10-22 23:58,0.055999249
2020-10-23 23:58,0.056062055
2020-10-24 23:58,0.056762754
2020-10-25 23:58,0.056762754
2020-10-26 23:58,0.056014127
2020-10-27 23:58,0.056221335
2020-10-28 23:58,0.056170349
2020-10-29 23:58,0.055473458
2020-10-30 23:58,0.055409073
2020-10-31 23:58,0.056111573
2020-11-01 23:58,0.056111573
2020-11-02 23:58,0.055481361
2020-11-03 23:58,0.055413029
2020-11-04 23:58,0.05508299
2020-11-05 23:58,0.055032228
2020-11-06 23:58,0.055090221
2020-11-07 23:58,0.055771542
2020-11-08 23:58,0.055771542
2020-11-09 23:58,0.055350037
2020-11-10 23:58,0.055061159
2020-11-11 23:58,0.055029374
2020-11-12 23:58,0.054702411
2020-11-13 23:58,0.054634201
2020-11-14 23:58,0.055308787
2020-11-15 23:58,0.055308787
2020-11-16 23:58,0.054692766
2020-11-17 23:58,0.054336201
2020-11-18 23:58,0.054576503
2020-11-19 23:58,0.054783841
2020-11-20 23:58,0.054676126
2020-11-21 23:58,0.055353681
2020-11-22 23:58,0.055353681
2020-11-23 23:58,0.05488936
2020-11-24 23:58,0.054958624
2020-11-25 23:58,0.054947054
2020-11-26 23:58,0.054981064
2020-11-27 23:58,0.05485759
2020-11-28 23:58,0.055534419
2020-11-29 23:58,0.055526382
2020-11-30 23:58,0.054930721
2020-12-01 23:58,0.055077379
2020-12-02 23:58,0.054906288
2020-12-03 23:58,0.054673296
2020-12-04 23:58,0.054706928
2020-12-05 23:58,0.055371012
2020-12-06 23:58,0.055371012
2020-12-07 23:58,0.054540668
2020-12-08 23:58,0.054840134
2020-12-09 23:58,0.054898799
2020-12-10 23:58,0.054814566
2020-12-11 23:58,0.054772722
2020-12-12 23:58,0.055439564
2020-12-13 23:58,0.055439564
2020-12-14 23:58,0.055004027
2020-12-15 23:58,0.054886747
2020-12-16 23:58,0.054893911
2020-12-17 23:58,0.054849534
2020-12-18 23:58,0.054980943
2020-12-19 23:58,0.055646141
2020-12-20 23:58,0.055646141
2020-12-21 23:58,0.054671727
2020-12-22 23:58,0.054705876
2020-12-23 23:58,0.054827974
2020-12-24 23:58,0.054824085
2020-12-25 23:58,0.05490876
2020-12-26 23:58,0.055575489
2020-12-27 23:58,0.055575489
2020-12-28 23:58,0.054915163
2020-12-29 23:58,0.054961613
2020-12-30 23:58,0.054974313
2020-12-31 23:58,0.055228162
2021-01-01 23:58,0.054947289
2021-01-02 23:58,0.055614534
2021-01-03 23:58,0.055614534
2021-01-04 23:58,0.054672059
2021-01-05 23:58,0.05438333
2021-01-06 23:58,0.054672944
2021-01-07 23:58,0.054716264
2021-01-08 23:58,0.054587091
2021-01-09 23:58,0.054470843
2021-01-10 23:58,0.055132766
2021-01-11 23:58,0.054534736
2021-01-12 23:58,0.054507032
2021-01-13 23:58,0.054613653
2021-01-14 23:58,0.054806217
2021-01-15 23:58,0.054812207
2021-01-16 23:58,0.054621895
2021-01-17 23:58,0.055295035
2021-01-18 23:58,0.054703495
2021-01-19 23:58,0.054679028
2021-01-20 23:58,0.05470393
2021-01-21 23:58,0.054736296
2021-01-22 23:58,0.054794944
2021-01-23 23:58,0.055467083
2021-01-24 23:58,0.055467083
2021-01-25 23:58,0.054954005
2021-01-26 23:58,0.054780258
2021-01-27 23:58,0.055029963
2021-01-28 23:58,0.054514509
2021-01-29 23:58,0.054513358
2021-01-30 23:58,0.054494104
2021-01-31 23:58,0.055167346
2021-02-01 23:58,0.054849037
2021-02-02 23:58,0.054723988
2021-02-03 23:58,0.054695692
2021-02-04 23:58,0.054875787
2021-02-05 23:58,0.05482397
2021-02-06 23:58,0.055500294
2021-02-07 23:58,0.055508504
2021-02-08 23:58,0.054682193
2021-02-09 23:58,0.054489644
2021-02-10 23:58,0.054707374
2021-02-11 23:58,0.054841144
2021-02-12 23:58,0.054829306
2021-02-13 23:58,0.055507725
2021-02-14 23:58,0.055507725
2021-02-15 23:58,0.054934216
2021-02-16 23:58,0.054916137
2021-02-17 23:58,0.054763018
2021-02-18 23:58,0.055195186
2021-02-19 23:58,0.055229851
2021-02-20 23:58,0.055142311
2021-02-21 23:58,0.055824674
2021-02-22 23:58,0.055185528
2021-02-23 23:58,0.055078681
2021-02-24 23:58,0.055141148
2021-02-25 23:58,0.055115555
2021-02-26 23:58,0.054704797
2021-02-27 23:58,0.055377588
2021-02-28 23:58,0.055377588
2021-03-01 23:58,0.05429786
2021-03-02 23:58,0.054478353
2021-03-03 23:58,0.05479288
2021-03-04 23:58,0.054895889
2021-03-05 23:58,0.05511769
2021-03-06 23:58,0.055809662
2021-03-07 23:58,0.055809662
2021-03-08 23:58,0.05515951
2021-03-09 23:58,0.05502296
2021-03-10 23:58,0.055100868
2021-03-11 23:58,0.05518365
2021-03-12 23:58,0.055291416
2021-03-13 23:58,0.055986527
2021-03-14 23:58,0.055358285
2021-03-15 23:58,0.055444891
2021-03-16 23:58,0.055350414
2021-03-17 23:58,0.055422128
2021-03-18 23:58,0.055476779
2021-03-19 23:58,0.055492779
2021-03-20 23:58,0.056194892
2021-03-21 23:58,0.055339843
2021-03-22 23:58,0.055559664
2021-03-23 23:58,0.055705731
2021-03-24 23:58,0.055373162
2021-03-25 23:58,0.055692426
2021-03-26 23:58,0.055789347
2021-03-27 23:58,0.056502337
2021-03-28 23:58,0.056502337
2021-03-29 23:58,0.055807787
2021-03-30 23:58,0.055129152
2021-03-31 23:58,0.055328769
2021-04-01 23:58,0.055172056
2021-04-02 23:58,0.055359239
2021-04-03 23:58,0.056058604
2021-04-04 23:58,0.056058604
2021-04-05 23:58,0.05525214
2021-04-06 23:58,0.054965037
2021-04-07 23:58,0.054484882
2021-04-08 23:58,0.054158223
2021-04-09 23:58,0.054199232
2021-04-10 23:58,0.054238967
2021-04-11 23:58,0.054897276
2021-04-12 23:58,0.054019926
2021-04-13 23:58,0.053602488
2021-04-14 23:58,0.053651281
2021-04-15 23:58,0.053762941
2021-04-16 23:58,0.054233884
2021-04-17 23:58,0.054128228
2021-04-18 23:58,0.05410715
2021-04-19 23:58,0.053712146
2021-04-20 23:58,0.053531296
2021-04-21 23:58,0.053152788
2021-04-22 23:58,0.053437327
2021-04-23 23:58,0.053560895
2021-04-24 23:58,0.053747084
2021-04-25 23:58,0.054398819
2021-04-26 23:58,0.053593355
2021-04-27 23:58,0.053745159
2021-04-28 23:58,0.053784475
2021-04-29 23:58,0.053968578
2021-04-30 23:58,0.053992156
2021-05-01 23:58,0.053706479
2021-05-02 23:58,0.054361042
2021-05-03 23:58,0.05409673
2021-05-04 23:58,0.054142881
2021-05-05 23:58,0.054114539
2021-05-06 23:58,0.054127103
2021-05-07 23:58,0.054083049
2021-05-08 23:58,0.054483785
2021-05-09 23:58,0.055153966
2021-05-10 23:58,0.054040161
2021-05-11 23:58,0.054146728
2021-05-12 23:58,0.054287606